Time	Price (ETH/USD) â€“ Ethereum
30.07.2015	1
31.07.2015	1
01.08.2015	1
02.08.2015	1
03.08.2015	1
04.08.2015	1
05.08.2015	1
06.08.2015	1
07.08.2015	1
08.08.2015	1.65
09.08.2015	1.4
10.08.2015	1.4
11.08.2015	0.66
12.08.2015	1.05
13.08.2015	1.3
14.08.2015	2.14
15.08.2015	1.625
16.08.2015	1.769999
17.08.2015	1.7699999
18.08.2015	1.565
19.08.2015	1.085
20.08.2015	1.25
21.08.2015	1.4410014
22.08.2015	1.3300006
23.08.2015	1.34
24.08.2015	1.3300208
25.08.2015	1.051
26.08.2015	1.1
27.08.2015	1.27
28.08.2015	1.1
29.08.2015	1.0600001
30.08.2015	1.23
31.08.2015	1.28
01.09.2015	1.1800001
02.09.2015	1.2600005
03.09.2015	1.26
04.09.2015	1.2194
05.09.2015	1.3733683
06.09.2015	1.161
07.09.2015	1.1620001
08.09.2015	1.3499999
09.09.2015	1.2999995
10.09.2015	1.200003
11.09.2015	1.2819997
12.09.2015	0.99
13.09.2015	1.0000017
14.09.2015	0.871
15.09.2015	1.0289971
16.09.2015	1.0199988
17.09.2015	0.8885184
18.09.2015	0.87
19.09.2015	0.959987
20.09.2015	0.95995283
21.09.2015	0.95995206
22.09.2015	0.8815
23.09.2015	0.935
24.09.2015	0.8875
25.09.2015	0.819
26.09.2015	0.6999999
27.09.2015	0.78
28.09.2015	0.7000055
29.09.2015	0.6499056
30.09.2015	0.59999996
01.10.2015	0.735
02.10.2015	0.71
03.10.2015	0.6429628
04.10.2015	0.68
05.10.2015	0.6477306
06.10.2015	0.6429387
07.10.2015	0.60006183
08.10.2015	0.6000743
09.10.2015	0.66999304
10.10.2015	0.67
11.10.2015	0.67
12.10.2015	0.6449989
13.10.2015	0.60002327
14.10.2015	0.6000232
15.10.2015	0.5399407
16.10.2015	0.532006
17.10.2015	0.521
18.10.2015	0.5129987
19.10.2015	0.5129908
20.10.2015	0.4711
21.10.2015	0.45109996
22.10.2015	0.42969143
23.10.2015	0.54999816
24.10.2015	0.46522045
25.10.2015	0.638986
26.10.2015	0.67000854
27.10.2015	0.7297457
28.10.2015	0.85
29.10.2015	0.77000004
30.10.2015	1.3199999
31.10.2015	1.0227265
01.11.2015	0.9383204
02.11.2015	1.0303929
03.11.2015	0.98990524
04.11.2015	0.99230355
05.11.2015	0.8912641
06.11.2015	0.91102964
07.11.2015	0.9
08.11.2015	0.9077477
09.11.2015	1.025
10.11.2015	1.0102493
11.11.2015	0.9507484
12.11.2015	0.77734196
13.11.2015	0.90000004
14.11.2015	0.89
15.11.2015	0.908
16.11.2015	0.91
17.11.2015	0.9333501
18.11.2015	1.0010098
19.11.2015	0.9809995
20.11.2015	0.975
21.11.2015	0.93
22.11.2015	0.97999984
23.11.2015	0.9594981
24.11.2015	0.96638894
25.11.2015	0.9016
26.11.2015	0.90999997
27.11.2015	0.8660622
28.11.2015	0.8657
29.11.2015	0.89815587
30.11.2015	0.8888957
01.12.2015	0.870001
02.12.2015	0.88132346
03.12.2015	0.84000003
04.12.2015	0.8465975
05.12.2015	0.83000004
06.12.2015	0.84764284
07.12.2015	0.84000003
08.12.2015	0.8046
09.12.2015	0.8
10.12.2015	0.7853
11.12.2015	0.84100014
12.12.2015	0.9
13.12.2015	0.93847823
14.12.2015	0.97749
15.12.2015	1
16.12.2015	0.99662375
17.12.2015	0.97613543
18.12.2015	0.9307421
19.12.2015	0.91
20.12.2015	0.92
21.12.2015	0.8942204
22.12.2015	0.8783808
23.12.2015	0.87732595
24.12.2015	0.84261394
25.12.2015	0.8555426
26.12.2015	0.89470404
27.12.2015	0.855
28.12.2015	0.8588087
29.12.2015	0.86125803
30.12.2015	0.89
31.12.2015	0.935113
01.01.2016	0.9145
02.01.2016	0.95699966
03.01.2016	0.9569946
04.01.2016	0.9604988
05.01.2016	0.93939126
06.01.2016	0.93978584
07.01.2016	0.9555
08.01.2016	0.95
09.01.2016	0.999235
10.01.2016	0.9743829
11.01.2016	0.9999999
12.01.2016	1.06
13.01.2016	1.1064508
14.01.2016	1.1038284
15.01.2016	1.1345934
16.01.2016	1.1665219
17.01.2016	1.1979449
18.01.2016	1.32
19.01.2016	1.3793404
20.01.2016	1.406938
21.01.2016	1.5607055
22.01.2016	1.5470966
23.01.2016	1.4561116
24.01.2016	1.9370002
25.01.2016	2.0726984
26.01.2016	2.5419183
27.01.2016	2.2470999
28.01.2016	2.3204496
29.01.2016	2.5
30.01.2016	2.5237656
31.01.2016	2.5097957
01.02.2016	2.3389654
02.02.2016	2.2404094
03.02.2016	2.3327856
04.02.2016	2.423854
05.02.2016	2.57
06.02.2016	2.5989997
07.02.2016	2.579995
08.02.2016	2.9832356
09.02.2016	3.12
10.02.2016	4.1
11.02.2016	4.3350854
12.02.2016	6
13.02.2016	5.65
14.02.2016	5.4900064
15.02.2016	5.259
16.02.2016	5.095876
17.02.2016	4.39
18.02.2016	3.798
19.02.2016	4.42
20.02.2016	4.688
21.02.2016	4.35
22.02.2016	4.635
23.02.2016	5.7
24.02.2016	5.5
25.02.2016	6
26.02.2016	6.0293436
27.02.2016	5.82
28.02.2016	6.3632684
29.02.2016	6.377561
01.03.2016	6.294355
02.03.2016	7.66
03.03.2016	8.466927
04.03.2016	9.274502
05.03.2016	10.211229
06.03.2016	10.599999
07.03.2016	11.347936
08.03.2016	9.500003
09.03.2016	9.768
10.03.2016	11.7
11.03.2016	11.250212
12.03.2016	11.243398
13.03.2016	13.52899
14.03.2016	14.13
15.03.2016	12.43
16.03.2016	12.777778
17.03.2016	12.7
18.03.2016	10.85713
19.03.2016	10.497652
20.03.2016	10.44
21.03.2016	10.136951
22.03.2016	11.705253
23.03.2016	11.16
24.03.2016	12.341706
25.03.2016	11.197317
26.03.2016	10.6047945
27.03.2016	10.868478
28.03.2016	10.332486
29.03.2016	11.628749
30.03.2016	11.715065
31.03.2016	11.89812
01.04.2016	11.38021
02.04.2016	11.673825
03.04.2016	11.5991
04.04.2016	11.642455
05.04.2016	11.176207
06.04.2016	10.350475
07.04.2016	10.685965
08.04.2016	10.143272
09.04.2016	9.73
10.04.2016	9.129262
11.04.2016	8.839477
12.04.2016	8.710231
13.04.2016	7.4655657
14.04.2016	8.154303
15.04.2016	8.55
16.04.2016	8.243733
17.04.2016	8.7137575
18.04.2016	9.3
19.04.2016	9.074206
20.04.2016	8.763303
21.04.2016	8.500359
22.04.2016	8.263118
23.04.2016	7.883762
24.04.2016	8.357474
25.04.2016	8.052316
26.04.2016	7.6145124
27.04.2016	7.4
28.04.2016	7.7191105
29.04.2016	7.2
30.04.2016	7.4402657
01.05.2016	8.755
02.05.2016	8.8
03.05.2016	10.108277
04.05.2016	9.33
05.05.2016	9.362272
06.05.2016	9.773396
07.05.2016	9.36594
08.05.2016	9.390163
09.05.2016	9.549891
10.05.2016	9.296396
11.05.2016	9.379072
12.05.2016	9.871518
13.05.2016	10
14.05.2016	10.498201
15.05.2016	10.19
16.05.2016	9.950167
17.05.2016	11.207816
18.05.2016	12.189779
19.05.2016	13.363662
20.05.2016	14.65
21.05.2016	13.333254
22.05.2016	13.76005
23.05.2016	14.077772
24.05.2016	13.195791
25.05.2016	12.688604
26.05.2016	12.6
27.05.2016	12.32
28.05.2016	11.186739
29.05.2016	11.103511
30.05.2016	12.4
31.05.2016	12.784486
01.06.2016	13.940198
02.06.2016	13.944049
03.06.2016	13.71
04.06.2016	13.816671
05.06.2016	13.811536
06.06.2016	14
07.06.2016	13.938918
08.06.2016	14.49
09.06.2016	14.41
10.06.2016	14.3810005
11.06.2016	13.873205
12.06.2016	14.041487
13.06.2016	15.410826
14.06.2016	17.2481
15.06.2016	18.509
16.06.2016	18.29
17.06.2016	20.500002
18.06.2016	15.33
19.06.2016	11.33269
20.06.2016	12.24
21.06.2016	11.589034
22.06.2016	13.140179
23.06.2016	13.305242
24.06.2016	13.909886
25.06.2016	14.25
26.06.2016	14.178541
27.06.2016	13.914999
28.06.2016	13.954
29.06.2016	12.184303
30.06.2016	12.522
01.07.2016	12.507815
02.07.2016	12.146731
03.07.2016	12.080494
04.07.2016	11.736685
05.07.2016	11.471076
06.07.2016	10.66709
07.07.2016	10.4888
08.07.2016	10.138889
09.07.2016	11.332847
10.07.2016	10.989999
11.07.2016	10.9
12.07.2016	10.460002
13.07.2016	10.4898
14.07.2016	10.554
15.07.2016	11.501111
16.07.2016	11.9484
17.07.2016	11.650001
18.07.2016	11.329009
19.07.2016	11.130615
20.07.2016	11.67003
21.07.2016	12.45
22.07.2016	12.61
23.07.2016	14.6
24.07.2016	14.25
25.07.2016	12.83043
26.07.2016	13.8
27.07.2016	12.12
28.07.2016	13.133518
29.07.2016	12.825
30.07.2016	12.749737
31.07.2016	12.45
01.08.2016	11.865123
02.08.2016	10.928889
03.08.2016	8.51
04.08.2016	10.355
05.08.2016	11.1
06.08.2016	10.870003
07.08.2016	10.81
08.08.2016	11.12
09.08.2016	11.28
10.08.2016	12.493726
11.08.2016	12.27144
12.08.2016	11.650433
13.08.2016	11.737246
14.08.2016	11.589566
15.08.2016	11.127
16.08.2016	11.169999
17.08.2016	11.105339
18.08.2016	10.785416
19.08.2016	10.753738
20.08.2016	10.77
21.08.2016	11.229001
22.08.2016	11.18
23.08.2016	11.139999
24.08.2016	10.970003
25.08.2016	11.022901
26.08.2016	11.30359
27.08.2016	11.201268
28.08.2016	11.149999
29.08.2016	10.9282255
30.08.2016	10.99905
31.08.2016	11.3
01.09.2016	11.67
02.09.2016	11.999098
03.09.2016	12.161233
04.09.2016	11.970533
05.09.2016	11.732173
06.09.2016	11.8499975
07.09.2016	11.750002
08.09.2016	11.61
09.09.2016	11.55
10.09.2016	11.682135
11.09.2016	12.24
12.09.2016	11.658307
13.09.2016	11.905107
14.09.2016	11.981133
15.09.2016	12.003193
16.09.2016	12.06244
17.09.2016	12.670022
18.09.2016	12.74
19.09.2016	12.496745
20.09.2016	13.2
21.09.2016	14.240753
22.09.2016	13.722815
23.09.2016	13.3
24.09.2016	13.362742
25.09.2016	12.853657
26.09.2016	13.13
27.09.2016	12.91243
28.09.2016	13.068915
29.09.2016	13.3
30.09.2016	13.06
01.10.2016	13.219316
02.10.2016	13.14235
03.10.2016	13.16
04.10.2016	13.382085
05.10.2016	13.2295685
06.10.2016	13.023
07.10.2016	12.85
08.10.2016	12.745
09.10.2016	12.169863
10.10.2016	12.113449
11.10.2016	11.706
12.10.2016	11.7300005
13.10.2016	11.916387
14.10.2016	12.033865
15.10.2016	11.9
16.10.2016	12.044349
17.10.2016	12
18.10.2016	12.01259
19.10.2016	12.57
20.10.2016	12.038
21.10.2016	12.15812
22.10.2016	12.1412115
23.10.2016	12.217538
24.10.2016	12.033617
25.10.2016	11.978
26.10.2016	11.481999
27.10.2016	11.553768
28.10.2016	11.432022
29.10.2016	11.138401
30.10.2016	10.43
31.10.2016	11.209411
01.11.2016	10.949999
02.11.2016	10.837499
03.11.2016	10.90249
04.11.2016	10.820001
05.11.2016	11.21
06.11.2016	11.1
07.11.2016	10.9889965
08.11.2016	10.9
09.11.2016	10.9
10.11.2016	10.729991
11.11.2016	10.59371
12.11.2016	10.28
13.11.2016	9.907234
14.11.2016	10.099904
15.11.2016	9.950345
16.11.2016	10.2
17.11.2016	10.048334
18.11.2016	10.019995
19.11.2016	9.52648
20.11.2016	9.728002
21.11.2016	9.549716
22.11.2016	9.5500345
23.11.2016	9.803288
24.11.2016	9.756655
25.11.2016	9.210265
26.11.2016	9.403768
27.11.2016	9.29
28.11.2016	8.903005
29.11.2016	8.729928
30.11.2016	8.09
01.12.2016	8.506746
02.12.2016	8.433367
03.12.2016	7.708717
04.12.2016	7.86
05.12.2016	7.3700004
06.12.2016	6.778
07.12.2016	7.8030767
08.12.2016	8.379998
09.12.2016	8.2
10.12.2016	8.38
11.12.2016	8.07
12.12.2016	8.1756
13.12.2016	8.480001
14.12.2016	8.373999
15.12.2016	8.200004
16.12.2016	7.852351
17.12.2016	7.862273
18.12.2016	7.89
19.12.2016	7.8469267
20.12.2016	7.6578584
21.12.2016	7.64
22.12.2016	7.826
23.12.2016	7.55
24.12.2016	7.1307983
25.12.2016	7.2371225
26.12.2016	7.168
27.12.2016	7.26
28.12.2016	7.181
29.12.2016	7.5726485
30.12.2016	8.242346
31.12.2016	8.152753
01.01.2017	8.044822
02.01.2017	8.201261
03.01.2017	8.345205
04.01.2017	9.653
05.01.2017	11
06.01.2017	10.198
07.01.2017	10.055036
08.01.2017	9.812384
09.01.2017	10.347573
10.01.2017	10.418
11.01.2017	10.550015
12.01.2017	9.675585
13.01.2017	9.733
14.01.2017	9.651186
15.01.2017	9.66945
16.01.2017	9.69223
17.01.2017	9.550573
18.01.2017	10.273665
19.01.2017	10.231692
20.01.2017	10.388598
21.01.2017	10.594562
22.01.2017	10.93
23.01.2017	10.62
24.01.2017	10.770425
25.01.2017	10.514627
26.01.2017	10.431659
27.01.2017	10.598265
28.01.2017	10.459134
29.01.2017	10.545
30.01.2017	10.41
31.01.2017	10.52
01.02.2017	10.627865
02.02.2017	10.67
03.02.2017	10.761008
04.02.2017	10.98
05.02.2017	11.29
06.02.2017	11.13
07.02.2017	11.265
08.02.2017	11.444
09.02.2017	11.320785
10.02.2017	10.943
11.02.2017	11.26
12.02.2017	11.279594
13.02.2017	11.34
14.02.2017	11.291395
15.02.2017	13.093077
16.02.2017	12.939001
17.02.2017	12.887298
18.02.2017	12.7206545
19.02.2017	12.799658
20.02.2017	12.78214
21.02.2017	12.43
22.02.2017	12.816202
23.02.2017	12.650126
24.02.2017	13.200001
25.02.2017	13.074592
26.02.2017	13.573924
27.02.2017	14.59
28.02.2017	15.517727
01.03.2017	15.622
02.03.2017	17.44
03.03.2017	18.972013
04.03.2017	19.561106
05.03.2017	18.458244
06.03.2017	19.35
07.03.2017	19.557465
08.03.2017	18.849066
09.03.2017	16.488
10.03.2017	17.734436
11.03.2017	19.391129
12.03.2017	21.31
13.03.2017	23.24
14.03.2017	28.22
15.03.2017	28.68
16.03.2017	34.966198
17.03.2017	45
18.03.2017	44.4433
19.03.2017	33.89
20.03.2017	43
21.03.2017	42
22.03.2017	42.443413
23.03.2017	41.36
24.03.2017	43.25
25.03.2017	53.67502
26.03.2017	51.18
27.03.2017	50.34986
28.03.2017	48.76
29.03.2017	50.2
30.03.2017	52.8369
31.03.2017	51.503193
01.04.2017	49.47364
02.04.2017	50.45001
03.04.2017	48.33605
04.04.2017	44
05.04.2017	44.37325
06.04.2017	45.21322
07.04.2017	43.326
08.04.2017	42.308804
09.04.2017	44.78243
10.04.2017	44
11.04.2017	44.13722
12.04.2017	44.087696
13.04.2017	46.91
14.04.2017	50.55
15.04.2017	48.5
16.04.2017	49.67133
17.04.2017	49.63447
18.04.2017	49.6
19.04.2017	52.489
20.04.2017	49.95861
21.04.2017	52
22.04.2017	51.3
23.04.2017	52.16991
24.04.2017	53.01625
25.04.2017	53.472187
26.04.2017	53.749992
27.04.2017	57.35718
28.04.2017	67.98637
29.04.2017	75.85
30.04.2017	73.5
01.05.2017	83.6
02.05.2017	81.49534
03.05.2017	82.34991
04.05.2017	85.8
05.05.2017	99.2
06.05.2017	91.87861
07.05.2017	96.6
08.05.2017	94.69993
09.05.2017	89
10.05.2017	88.52073
11.05.2017	88.455215
12.05.2017	88.99177
13.05.2017	86.99947
14.05.2017	89.99967
15.05.2017	90.2
16.05.2017	92.5
17.05.2017	88.276535
18.05.2017	89.3485
19.05.2017	98.4
20.05.2017	124.57335
21.05.2017	123.45124
22.05.2017	146.4
23.05.2017	156
24.05.2017	167.99992
25.05.2017	183.99992
26.05.2017	166.24913
27.05.2017	153.10675
28.05.2017	150
29.05.2017	162
30.05.2017	189
31.05.2017	226.99992
01.06.2017	217.75
02.06.2017	211.44
03.06.2017	215.3
04.06.2017	215.82729
05.06.2017	241.25
06.06.2017	242.1
07.06.2017	262.6
08.06.2017	250.50005
09.06.2017	258.3993
10.06.2017	278.84973
11.06.2017	325.99994
12.06.2017	335
13.06.2017	386.50006
14.06.2017	382.3
15.06.2017	335.53
16.06.2017	339
17.06.2017	348.555
18.06.2017	363.26013
19.06.2017	348
20.06.2017	357
21.06.2017	348.99994
22.06.2017	323
23.06.2017	321.10034
24.06.2017	323.98553
25.06.2017	296.51328
26.06.2017	276.40018
27.06.2017	251.5
28.06.2017	279.636
29.06.2017	311.766
30.06.2017	285.82797
01.07.2017	276
02.07.2017	255
03.07.2017	277.48486
04.07.2017	274.98
05.07.2017	266.7
06.07.2017	265.6392
07.07.2017	264.86804
08.07.2017	237.89015
09.07.2017	245.77579
10.07.2017	234.9
11.07.2017	201.20682
12.07.2017	188.10007
13.07.2017	224
14.07.2017	204.8
15.07.2017	196.51111
16.07.2017	170.01
17.07.2017	157.38042
18.07.2017	189.6
19.07.2017	226
20.07.2017	194.99992
21.07.2017	226.88681
22.07.2017	216.57272
23.07.2017	233
24.07.2017	227.7
25.07.2017	226.8
26.07.2017	202.513
27.07.2017	203.014
28.07.2017	202.8
29.07.2017	191.65298
30.07.2017	207.46
31.07.2017	194.751
01.08.2017	200.49
02.08.2017	226.1
03.08.2017	217.504
04.08.2017	224.6
05.08.2017	220.40672
06.08.2017	254.09
07.08.2017	264.51
08.08.2017	269.5356
09.08.2017	296.43332
10.08.2017	294
11.08.2017	298.19992
12.08.2017	309
13.08.2017	307.71
14.08.2017	296.85
15.08.2017	298.06
16.08.2017	285.47025
17.08.2017	301.98608
18.08.2017	299
19.08.2017	292.03082
20.08.2017	292.22775
21.08.2017	298.7
22.08.2017	321.00006
23.08.2017	310.2255
24.08.2017	316.5
25.08.2017	325.00006
26.08.2017	328.4
27.08.2017	333.49976
28.08.2017	347.26324
29.08.2017	347.00018
30.08.2017	372.6075
31.08.2017	383.5
01.09.2017	386.35
02.09.2017	389.49
03.09.2017	344.85342
04.09.2017	350.671
05.09.2017	296.51053
06.09.2017	315.83942
07.09.2017	336.65015
08.09.2017	335
09.09.2017	305
10.09.2017	303.88513
11.09.2017	298.24023
12.09.2017	297.32254
13.09.2017	294.40802
14.09.2017	276.49985
15.09.2017	222.5
16.09.2017	258.6664
17.09.2017	253.73656
18.09.2017	257.59937
19.09.2017	296.9165
20.09.2017	283.01236
21.09.2017	283.311
22.09.2017	257.36716
23.09.2017	262.0666
24.09.2017	286.1276
25.09.2017	282.7492
26.09.2017	295
27.09.2017	288.85153
28.09.2017	309.65775
29.09.2017	303.59024
30.09.2017	293.1024
01.10.2017	303.16
02.10.2017	304.60107
03.10.2017	297.1
04.10.2017	291.45
05.10.2017	290.87585
06.10.2017	295.75308
07.10.2017	309
08.10.2017	312.405
09.10.2017	310.5
10.10.2017	297.6983
11.10.2017	299.72656
12.10.2017	303.73993
13.10.2017	302.6
14.10.2017	338
15.10.2017	339.87994
16.10.2017	336.975
17.10.2017	334.15823
18.10.2017	316.18973
19.10.2017	314
20.10.2017	307.0001
21.10.2017	303
22.10.2017	299.7
23.10.2017	293.6
24.10.2017	284.9715
25.10.2017	295.56027
26.10.2017	295.67773
27.10.2017	295.0001
28.10.2017	295.99
29.10.2017	293
30.10.2017	304.52054
31.10.2017	306.8
01.11.2017	304.5
02.11.2017	288.78497
03.11.2017	285
04.11.2017	302.2
05.11.2017	299.5
06.11.2017	295.35
07.11.2017	297.09
08.11.2017	290.8632
09.11.2017	306.38474
10.11.2017	314.5
11.11.2017	297.69733
12.11.2017	313.063
13.11.2017	305.3518
14.11.2017	313.99
15.11.2017	333.76
16.11.2017	330.9243
17.11.2017	331
18.11.2017	330.52
19.11.2017	346.78
20.11.2017	355.49
21.11.2017	368.42
22.11.2017	360.4
23.11.2017	379.99
24.11.2017	406.3654
25.11.2017	470.9
26.11.2017	460.55557
27.11.2017	468.6165
28.11.2017	473
29.11.2017	464.47
30.11.2017	420
01.12.2017	433
02.12.2017	453.47586
03.12.2017	456
04.12.2017	460
05.12.2017	465
06.12.2017	452.5
07.12.2017	417.37433
08.12.2017	412.5
09.12.2017	441.8103
10.12.2017	461.05014
11.12.2017	430
12.12.2017	503
13.12.2017	610
14.12.2017	682
15.12.2017	685
16.12.2017	675.55725
17.12.2017	684.1125
18.12.2017	711
19.12.2017	786
20.12.2017	795.02966
21.12.2017	798.77
22.12.2017	766.52954
23.12.2017	630.9615
24.12.2017	663
25.12.2017	659.93396
26.12.2017	711.2
27.12.2017	749.75
28.12.2017	736.2
29.12.2017	710
30.12.2017	731.7389
31.12.2017	685.17
01.01.2018	736.0444
02.01.2018	754.1297
03.01.2018	855.75
04.01.2018	940
05.01.2018	940.275
06.01.2018	965.6004
07.01.2018	1005.5138
08.01.2018	1116.634
09.01.2018	1128.4242
10.01.2018	1276.5187
11.01.2018	1246.4452
12.01.2018	1137.8832
13.01.2018	1259.7
14.01.2018	1382
15.01.2018	1348.8287
16.01.2018	1275.024
17.01.2018	1023.1
18.01.2018	1016.7117
19.01.2018	990.3628
20.01.2018	1025
21.01.2018	1148.4767
22.01.2018	1045.8348
23.01.2018	995.11975
24.01.2018	984.49774
25.01.2018	1062.0153
26.01.2018	1050.319
27.01.2018	1047.8828
28.01.2018	1113
29.01.2018	1245
30.01.2018	1177.8397
31.01.2018	1076.4
01.02.2018	1123.1566
02.02.2018	1039.7909
03.02.2018	928.825
04.02.2018	971.99
05.02.2018	826
06.02.2018	696.5138
07.02.2018	790.36536
08.02.2018	752
09.02.2018	815
10.02.2018	878.9318
11.02.2018	852.789
12.02.2018	813.405
13.02.2018	868.0474
14.02.2018	840.5
15.02.2018	918.0672
16.02.2018	926.73
17.02.2018	938.9
18.02.2018	971
19.02.2018	910
20.02.2018	939.61
21.02.2018	882.4
22.02.2018	838.5771
23.02.2018	803.1043
24.02.2018	854.323
25.02.2018	828.1922
26.02.2018	839.78
27.02.2018	864.257
28.02.2018	872.29114
01.03.2018	849.3301
02.03.2018	868.55975
03.03.2018	856.836
04.03.2018	855.8407
05.03.2018	865.88
06.03.2018	850.51
07.03.2018	815.3095
08.03.2018	751.5007
09.03.2018	699.0573
10.03.2018	725.1214
11.03.2018	679.1642
12.03.2018	720.4397
13.03.2018	695.6691
14.03.2018	689.1603
15.03.2018	611.0643
16.03.2018	610
17.03.2018	598.75867
18.03.2018	550.03687
19.03.2018	537
20.03.2018	555
21.03.2018	556
22.03.2018	557.5304
23.03.2018	538.12634
24.03.2018	543.3263
25.03.2018	519
26.03.2018	523.5524
27.03.2018	485.9219
28.03.2018	447
29.03.2018	445
30.03.2018	382.3105
31.03.2018	395
01.04.2018	392.99878
02.04.2018	377.511
03.04.2018	383.55255
04.04.2018	415.6232
05.04.2018	378.48752
06.04.2018	382.5
07.04.2018	369
08.04.2018	385.36908
09.04.2018	400.43674
10.04.2018	398
11.04.2018	415.39017
12.04.2018	429.71802
13.04.2018	494.00208
14.04.2018	491.3437
15.04.2018	503
16.04.2018	533.72046
17.04.2018	512.1794
18.04.2018	502
19.04.2018	526.1176
20.04.2018	567.9
21.04.2018	617.0006
22.04.2018	603.25885
23.04.2018	621.81525
24.04.2018	643.79254
25.04.2018	705.2698
26.04.2018	616.8965
27.04.2018	663.69
28.04.2018	642
29.04.2018	684.7113
30.04.2018	689.92975
01.05.2018	670.9425
02.05.2018	671.5215
03.05.2018	686.9582
04.05.2018	779
05.05.2018	785.9955
06.05.2018	820.5791
07.05.2018	795.16705
08.05.2018	755.0253
09.05.2018	747.9263
10.05.2018	752.68756
11.05.2018	723.99976
12.05.2018	677.75214
13.05.2018	683
14.05.2018	730
15.05.2018	727.8783
16.05.2018	706.6584
17.05.2018	706.87225
18.05.2018	667.2966
19.05.2018	693.8393
20.05.2018	697.0645
21.05.2018	716.2126
22.05.2018	697.2339
23.05.2018	640.8078
24.05.2018	576.3812
25.05.2018	602.22
26.05.2018	585.43665
27.05.2018	585.32556
28.05.2018	570.5197
29.05.2018	512.63367
30.05.2018	565.1739
31.05.2018	557.7292
01.06.2018	578.4425
02.06.2018	579.7199
03.06.2018	590.56976
04.06.2018	618.3878
05.06.2018	591.4
06.06.2018	609.83453
07.06.2018	607.11
08.06.2018	605.56
09.06.2018	600.42096
10.06.2018	592.42285
11.06.2018	524.37646
12.06.2018	530.87213
13.06.2018	493.7
14.06.2018	476.137
15.06.2018	519.9891
16.06.2018	487.58035
17.06.2018	497.6964
18.06.2018	494.85532
19.06.2018	518.5554
20.06.2018	537.90234
21.06.2018	536.3
22.06.2018	525.7829
23.06.2018	461.1
24.06.2018	473.55832
25.06.2018	454.43542
26.06.2018	459.33292
27.06.2018	429.41162
28.06.2018	441.04395
29.06.2018	420.56625
30.06.2018	434
01.07.2018	454.2499
02.07.2018	451.6151
03.07.2018	476.1673
04.07.2018	462.32065
05.07.2018	466.71625
06.07.2018	467.96884
07.07.2018	469.7091
08.07.2018	486.35632
09.07.2018	485.93103
10.07.2018	470.64926
11.07.2018	432.9177
12.07.2018	444.99298
13.07.2018	430.9
14.07.2018	431.8088
15.07.2018	434.12637
16.07.2018	450.20822
17.07.2018	478.2407
18.07.2018	499.57596
19.07.2018	478.86176
20.07.2018	469.04193
21.07.2018	448.83368
22.07.2018	461.42218
23.07.2018	457.32016
24.07.2018	450.55768
25.07.2018	479.9599
26.07.2018	472.551
27.07.2018	462.714
28.07.2018	470.2799
29.07.2018	468.18564
30.07.2018	467.12674
31.07.2018	456.7715
01.08.2018	431.7
02.08.2018	420.6883
03.08.2018	410.85074
04.08.2018	417.8318
05.08.2018	407.218
06.08.2018	408.1443
07.08.2018	404.71976
08.08.2018	378.18414
09.08.2018	355.58774
10.08.2018	364.1824
11.08.2018	331.8939
12.08.2018	318.08563
13.08.2018	318.59717
14.08.2018	283.77
15.08.2018	277.65436
16.08.2018	281.04495
17.08.2018	286.22144
18.08.2018	317.4743
19.08.2018	293.78387
20.08.2018	300.3612
21.08.2018	270.83197
22.08.2018	280.47
23.08.2018	270.0269
24.08.2018	276.60757
25.08.2018	281.01047
26.08.2018	277.87195
27.08.2018	273.83374
28.08.2018	287.60007
29.08.2018	295.6
30.08.2018	288.75885
31.08.2018	283.73825
01.09.2018	281.3887
02.09.2018	295.35098
03.09.2018	295.3973
04.09.2018	289.24695
05.09.2018	285.80563
06.09.2018	228.8538
07.09.2018	229.85873
08.09.2018	215.3651
09.09.2018	196.98917
10.09.2018	196.25482
11.09.2018	197.37567
12.09.2018	185.05
13.09.2018	183.2742
14.09.2018	211.25081
15.09.2018	209.18883
16.09.2018	222.06
17.09.2018	220.20586
18.09.2018	196.01
19.09.2018	208.80609
20.09.2018	209.99
21.09.2018	224.27281
22.09.2018	248.32318
23.09.2018	240.75134
24.09.2018	244.67218
25.09.2018	228.07797
26.09.2018	219.51208
27.09.2018	214.05505
28.09.2018	228.83366
29.09.2018	221.76639
30.09.2018	231.14592
01.10.2018	232.86
02.10.2018	231.62434
03.10.2018	225.65573
04.10.2018	220.68803
05.10.2018	222.488
06.10.2018	228.5941
07.10.2018	225.50264
08.10.2018	226.4313
09.10.2018	230.27884
10.10.2018	228.41069
11.10.2018	226.7495
12.10.2018	191.6414
13.10.2018	196.84334
14.10.2018	201.22
15.10.2018	196.22289
16.10.2018	214.14737
17.10.2018	215
18.10.2018	212.8757
19.10.2018	206.42609
20.10.2018	205.01163
21.10.2018	208.44116
22.10.2018	207.6476
23.10.2018	206.41678
24.10.2018	205.86707
25.10.2018	205.36502
26.10.2018	204.01
27.10.2018	204.99
28.10.2018	204.53
29.10.2018	205.1158
30.10.2018	196.98598
31.10.2018	197.361
01.11.2018	199.0531
02.11.2018	200.22923
03.11.2018	202.71042
04.11.2018	200.07878
05.11.2018	212.05
06.11.2018	210.65541
07.11.2018	220.57999
08.11.2018	218.9006
09.11.2018	213.02132
10.11.2018	210.61716
11.11.2018	212.9988
12.11.2018	213.37413
13.11.2018	213.16576
14.11.2018	210.27353
15.11.2018	187.7664
16.11.2018	183.67459
17.11.2018	176.97832
18.11.2018	176.26364
19.11.2018	178.56334
20.11.2018	150.79417
21.11.2018	134.1897
22.11.2018	138.2
23.11.2018	126.7567
24.11.2018	125.2996
25.11.2018	115
26.11.2018	118.77
27.11.2018	109.888
28.11.2018	111.5554
29.11.2018	123.3458
30.11.2018	118.4188
01.12.2018	113.67333
02.12.2018	118.6976
03.12.2018	116.61217
04.12.2018	108.5337
05.12.2018	109.77833
06.12.2018	102.4203
07.12.2018	91.04
08.12.2018	93.10984
09.12.2018	90.24288
10.12.2018	93.42999
11.12.2018	89.968155
12.12.2018	87.65
13.12.2018	89.49813
14.12.2018	86.27
15.12.2018	83.847
16.12.2018	83.92204
17.12.2018	84.62741
18.12.2018	94.1868
19.12.2018	100.64733
20.12.2018	98.70986
21.12.2018	113.55
22.12.2018	108.0497
23.12.2018	115
24.12.2018	128.9558
25.12.2018	138.12584
26.12.2018	127.44234
27.12.2018	129.08115
28.12.2018	113.85698
29.12.2018	135.7097
30.12.2018	133.04819
31.12.2018	137.4464
01.01.2019	131.3891
02.01.2019	138.97316
03.01.2019	152.12732
04.01.2019	146.13765
05.01.2019	151.72948
06.01.2019	152.86467
07.01.2019	154.15698
08.01.2019	149.34624
09.01.2019	147.4301
10.01.2019	148.10693
11.01.2019	125.00001
12.01.2019	124.3092
13.01.2019	123.5483
14.01.2019	114.22864
15.01.2019	126.96022
16.01.2019	119.13471
17.01.2019	121.3654
18.01.2019	121.6084
19.01.2019	119.17749
20.01.2019	122.73794
21.01.2019	117.43
22.01.2019	115.51052
23.01.2019	118
24.01.2019	116.46252
25.01.2019	116.32317
26.01.2019	115.32053
27.01.2019	115.40853
28.01.2019	112.3088
29.01.2019	105.56276
30.01.2019	104.366455
31.01.2019	108.516716
01.02.2019	106.45544
02.02.2019	106.9598
03.02.2019	110.45
04.02.2019	107.32686
05.02.2019	107.54492
06.02.2019	107.39996
07.02.2019	104.45425
08.02.2019	104.34121
09.02.2019	118.87
10.02.2019	119.4655
11.02.2019	125.26489
12.02.2019	120.647385
13.02.2019	122.45075
14.02.2019	121.9951
15.02.2019	120.3962
16.02.2019	121.3509
17.02.2019	122.75168
18.02.2019	133.88
19.02.2019	145.89056
20.02.2019	143.58656
21.02.2019	148.76581
22.02.2019	145.36563
23.02.2019	147.7
24.02.2019	157.84718
25.02.2019	132.16
26.02.2019	137.8779
27.02.2019	135.9873
28.02.2019	134.69965
01.03.2019	135.59308
02.03.2019	135.27979
03.03.2019	132.40797
04.03.2019	130.63795
05.03.2019	126.01196
06.03.2019	136.8
07.03.2019	137.72964
08.03.2019	136.93561
09.03.2019	133.2709
10.03.2019	137.18456
11.03.2019	135.5199
12.03.2019	133.05064
13.03.2019	133.601
14.03.2019	131.75
15.03.2019	132.30984
16.03.2019	136.63849
17.03.2019	140.9567
18.03.2019	138.84358
19.03.2019	137.58737
20.03.2019	138.69832
21.03.2019	138.97
22.03.2019	134.6939
23.03.2019	136.023
24.03.2019	137.10472
25.03.2019	136
26.03.2019	134.04521
27.03.2019	134.127
28.03.2019	139.04
29.03.2019	137.80612
30.03.2019	143.1769
31.03.2019	142.145
01.04.2019	141.338
02.04.2019	141.17017
03.04.2019	163.78471
04.04.2019	159.8116
05.04.2019	157.72668
06.04.2019	164.25084
07.04.2019	165.67104
08.04.2019	173.8401
09.04.2019	178.65302
10.04.2019	174.65245
11.04.2019	177.20088
12.04.2019	164.19954
13.04.2019	163.63666
14.04.2019	163.38052
15.04.2019	167.38782
16.04.2019	159.66624
17.04.2019	165.58
18.04.2019	165.84961
19.04.2019	172.92737
20.04.2019	172.66
21.04.2019	173.03506
22.04.2019	168.43945
23.04.2019	170.37773
24.04.2019	169.3646
25.04.2019	164.68259
26.04.2019	154.64958
27.04.2019	157.70155
28.04.2019	159.65738
29.04.2019	158.04839
30.04.2019	155.39925
01.05.2019	161.69646
02.05.2019	160.3122
03.05.2019	162.69986
04.05.2019	167.61691
05.05.2019	163.68488
06.05.2019	163.36116
07.05.2019	172.67778
08.05.2019	169.17694
09.05.2019	170.3424
10.05.2019	170.67213
11.05.2019	172.99
12.05.2019	192.7801
13.05.2019	188.44095
14.05.2019	196.32018
15.05.2019	218.02
16.05.2019	248.18298
17.05.2019	263.7303
18.05.2019	244.37
19.05.2019	233.8
20.05.2019	260.9791
21.05.2019	250.7
22.05.2019	253.688
23.05.2019	244.5311
24.05.2019	244.63216
25.05.2019	248.48
26.05.2019	250.67
27.05.2019	265.5
28.05.2019	270.88153
29.05.2019	270.92264
30.05.2019	268.51382
31.05.2019	254.4681
01.06.2019	268.1874
02.06.2019	263.7205
03.06.2019	269.17685
04.06.2019	250.68
05.06.2019	241.37537
06.06.2019	245.9
07.06.2019	248.49706
08.06.2019	248.91139
09.06.2019	243.10626
10.06.2019	231.7699
11.06.2019	246.68954
12.06.2019	244.35342
13.06.2019	261.21143
14.06.2019	254.07925
15.06.2019	263.05884
16.06.2019	268.232
17.06.2019	268.02
18.06.2019	273.60495
19.06.2019	263.98254
20.06.2019	267.726
21.06.2019	271.75687
22.06.2019	295.21933
23.06.2019	310.3407
24.06.2019	309.02917
25.06.2019	311.69946
26.06.2019	318.69116
27.06.2019	339.63834
28.06.2019	298.23645
29.06.2019	311.83713
30.06.2019	318.06882
01.07.2019	292.46997
02.07.2019	295.111
03.07.2019	291.41245
04.07.2019	301.08
05.07.2019	283.36783
06.07.2019	287.32294
07.07.2019	288.29608
08.07.2019	305.23
09.07.2019	312.28702
10.07.2019	307.94217
11.07.2019	289.13657
12.07.2019	268.50134
13.07.2019	274.5706
14.07.2019	269.2495
15.07.2019	226.09607
16.07.2019	228.2705
17.07.2019	198.72864
18.07.2019	210.10623
19.07.2019	225.77518
20.07.2019	220.3483
21.07.2019	228.07686
22.07.2019	226.20793
23.07.2019	217.32138
24.07.2019	212.53297
25.07.2019	216.67032
26.07.2019	218.88942
27.07.2019	219.0735
28.07.2019	207.62793
29.07.2019	211.1492
30.07.2019	211.17613
31.07.2019	210.06448
01.08.2019	218.24025
02.08.2019	216.82108
03.08.2019	217.39
04.08.2019	221.38
05.08.2019	221.86652
06.08.2019	233.36969
07.08.2019	226.5097
08.08.2019	226.25471
09.08.2019	221.11237
10.08.2019	210.64297
11.08.2019	206.81
12.08.2019	216.02
13.08.2019	211.71
14.08.2019	209.4641
15.08.2019	187.11371
16.08.2019	188.10997
17.08.2019	184.81999
18.08.2019	185.60951
19.08.2019	194.32425
20.08.2019	202.13823
21.08.2019	196.55
22.08.2019	187.2845
23.08.2019	190.70337
24.08.2019	193.64578
25.08.2019	190.52727
26.08.2019	186.86423
27.08.2019	188.7524
28.08.2019	187.23091
29.08.2019	173.25273
30.08.2019	168.9285
31.08.2019	168.28128
01.09.2019	171.71606
02.09.2019	170.5522
03.09.2019	178.14127
04.09.2019	178.08737
05.09.2019	173.768
06.09.2019	174.18591
07.09.2019	169.27576
08.09.2019	177.82837
09.09.2019	181.54378
10.09.2019	180.58005
11.09.2019	180.05708
12.09.2019	178.36
13.09.2019	180.782
14.09.2019	181.02164
15.09.2019	188.25
16.09.2019	189.38776
17.09.2019	197.55783
18.09.2019	207.96396
19.09.2019	210.01031
20.09.2019	220
21.09.2019	218.5
22.09.2019	215.31627
23.09.2019	211.15
24.09.2019	200.94066
25.09.2019	165.83379
26.09.2019	169.60582
27.09.2019	165.67
28.09.2019	173.3992
29.09.2019	174
30.09.2019	169.32
01.10.2019	180.55397
02.10.2019	175.87817
03.10.2019	180.21115
04.10.2019	174.62941
05.10.2019	175.45189
06.10.2019	176.16542
07.10.2019	170.4
08.10.2019	179.87502
09.10.2019	180.56
10.10.2019	192.68954
11.10.2019	191.08842
12.10.2019	180.24774
13.10.2019	179.63612
14.10.2019	181.1
15.10.2019	186.40285
16.10.2019	180.43001
17.10.2019	174.45494
18.10.2019	177.0955
19.10.2019	172.69159
20.10.2019	171.63586
21.10.2019	174.85352
22.10.2019	173.9875
23.10.2019	171.15674
24.10.2019	162.37018
25.10.2019	160.13
26.10.2019	181.40134
27.10.2019	179.48193
28.10.2019	184.10928
29.10.2019	181.53058
30.10.2019	190.85936
31.10.2019	183.17557
01.11.2019	182.12724
02.11.2019	182.92043
03.11.2019	182.85039
04.11.2019	181.67027
05.11.2019	185.7216
06.11.2019	188.81
07.11.2019	191.08496
08.11.2019	186.7
09.11.2019	183.86615
10.11.2019	184.88857
11.11.2019	189.01204
12.11.2019	185.03076
13.11.2019	187.13342
14.11.2019	188.17625
15.11.2019	184.84311
16.11.2019	180.07526
17.11.2019	182.46518
18.11.2019	183.8107
19.11.2019	178.41983
20.11.2019	175.78448
21.11.2019	174.7124
22.11.2019	161.0838
23.11.2019	149.58244
24.11.2019	151.66641
25.11.2019	140.08598
26.11.2019	145.61237
27.11.2019	147.4918
28.11.2019	152.4898
29.11.2019	150.7953
30.11.2019	154.45593
01.12.2019	151.6327
02.12.2019	150.8086
03.12.2019	148.87
04.12.2019	147.25926
05.12.2019	145.3
06.12.2019	147.95918
07.12.2019	148.50323
08.12.2019	147.10562
09.12.2019	150.44673
10.12.2019	147.3798
11.12.2019	145.51021
12.12.2019	143.33
13.12.2019	144.88
14.12.2019	144.8276
15.12.2019	141.85431
16.12.2019	142.51869
17.12.2019	132.75436
18.12.2019	121.98207
19.12.2019	132.71474
20.12.2019	128.13805
21.12.2019	128.2159
22.12.2019	127.02775
23.12.2019	132.02937
24.12.2019	127.90627
25.12.2019	127.75573
26.12.2019	125.15
27.12.2019	125.7195
28.12.2019	126.28821
29.12.2019	128.09982
30.12.2019	134.41223
31.12.2019	131.62077
01.01.2020	129.1411
02.01.2020	130.66821
03.01.2020	127.21
04.01.2020	134.54884
05.01.2020	134.1744
06.01.2020	135.42287
07.01.2020	144.17792
08.01.2020	142.86972
09.01.2020	140.59862
10.01.2020	137.82794
11.01.2020	144.8719
12.01.2020	142.53905
13.01.2020	146.5394
14.01.2020	143.54604
15.01.2020	165.80515
16.01.2020	166.30768
17.01.2020	164.09187
18.01.2020	169.92503
19.01.2020	174.10771
20.01.2020	166.81223
21.01.2020	166.85806
22.01.2020	169.47728
23.01.2020	168.06895
24.01.2020	162.79718
25.01.2020	162.63979
26.01.2020	160.3875
27.01.2020	167.92331
28.01.2020	170.02579
29.01.2020	175.80113
30.01.2020	173.84421
31.01.2020	184.72382
01.02.2020	179.94926
02.02.2020	183.67883
03.02.2020	188.46709
04.02.2020	189.82166
05.02.2020	188.93636
06.02.2020	203.71594
07.02.2020	213.19266
08.02.2020	223.49776
09.02.2020	223.16772
10.02.2020	228.66061
11.02.2020	222.99461
12.02.2020	236.73755
13.02.2020	265.76978
14.02.2020	268.51346
15.02.2020	285.44498
16.02.2020	264.76443
17.02.2020	259.0635
18.02.2020	267.8007
19.02.2020	282.61575
20.02.2020	258.6044
21.02.2020	257.15738
22.02.2020	265.20856
23.02.2020	261.6225
24.02.2020	274.64
25.02.2020	265.57184
26.02.2020	246.78348
27.02.2020	223.85068
28.02.2020	227.55103
29.02.2020	226.85048
01.03.2020	217.48
02.03.2020	217.725
03.03.2020	231.80765
04.03.2020	223.84407
05.03.2020	224.34164
06.03.2020	228.54364
07.03.2020	244.875
08.03.2020	237.25
09.03.2020	198.6529
10.03.2020	202.89557
11.03.2020	200.545
12.03.2020	194.50513
13.03.2020	108.14686
14.03.2020	134
15.03.2020	122.581024
16.03.2020	123.862816
17.03.2020	110.97545
18.03.2020	115.5406
19.03.2020	118.12668
20.03.2020	136.65523
21.03.2020	133.30779
22.03.2020	132.53123
23.03.2020	122.45
24.03.2020	135.95699
25.03.2020	138.47809
26.03.2020	136
27.03.2020	138.51247
28.03.2020	131.3835
29.03.2020	130.9877
30.03.2020	124.49889
31.03.2020	132.06223
01.04.2020	132.867
02.04.2020	135.68091
03.04.2020	141.40196
04.04.2020	141.36716
05.04.2020	144.13498
06.04.2020	142.61456
07.04.2020	171.21477
08.04.2020	164.64746
09.04.2020	172.94699
10.04.2020	169.7334
11.04.2020	157.8824
12.04.2020	158.34572
13.04.2020	158.40819
14.04.2020	156.3622
15.04.2020	158.46
16.04.2020	152.8781
17.04.2020	172.2755
18.04.2020	170.6962
19.04.2020	187.42764
20.04.2020	180.02
21.04.2020	170.35
22.04.2020	170.72115
23.04.2020	182.70032
24.04.2020	185.27
25.04.2020	187.4332
26.04.2020	194.28824
27.04.2020	197.5178
28.04.2020	196.43118
29.04.2020	196.36945
30.04.2020	215.35098
01.05.2020	206.35435
02.05.2020	212.06763
03.05.2020	213.69914
04.05.2020	209.81369
05.05.2020	206.58662
06.05.2020	205.35072
07.05.2020	199.08163
08.05.2020	211.8022
09.05.2020	211.21233
10.05.2020	210.17485
11.05.2020	187.58603
12.05.2020	185.67493
13.05.2020	189.85287
14.05.2020	199.52597
15.05.2020	203.13106
16.05.2020	194.805
17.05.2020	200.53304
18.05.2020	207.0594
19.05.2020	214.86873
20.05.2020	214.5
21.05.2020	209.87013
22.05.2020	198.70944
23.05.2020	207.26604
24.05.2020	206.64038
25.05.2020	199.6285
26.05.2020	204.06673
27.05.2020	200.991
28.05.2020	208.25981
29.05.2020	220.35542
30.05.2020	220.55249
31.05.2020	243.57314
01.06.2020	231.67616
02.06.2020	247.81
03.06.2020	237.77539
04.06.2020	244.52211
05.06.2020	243.30307
06.06.2020	240.15823
07.06.2020	241.98946
08.06.2020	244.58429
09.06.2020	246.44746
10.06.2020	243.88896
11.06.2020	247.89827
12.06.2020	230.43263
13.06.2020	237.61754
14.06.2020	238.07426
15.06.2020	231.7385
16.06.2020	230.64828
17.06.2020	235.17986
18.06.2020	233.81325
19.06.2020	231.25156
20.06.2020	228.90718
21.06.2020	228.7902
22.06.2020	228.0151
23.06.2020	243.1641
24.06.2020	243.16165
25.06.2020	234.71777
26.06.2020	232.44366
27.06.2020	229.64185
28.06.2020	220.89354
29.06.2020	225
30.06.2020	227.85756
01.07.2020	225.59564
02.07.2020	230.8483
03.07.2020	226.43442
04.07.2020	224.95074
05.07.2020	229.21011
06.07.2020	227.62468
07.07.2020	241.52834
08.07.2020	239.40456
09.07.2020	247.03696
10.07.2020	242.083
11.07.2020	240.89821
12.07.2020	239.11386
13.07.2020	242.63503
14.07.2020	239.65677
15.07.2020	240.42831
16.07.2020	238.65044
17.07.2020	233.582
18.07.2020	232.7711
19.07.2020	235.54712
20.07.2020	238.78659
21.07.2020	236.01776
22.07.2020	245.5
23.07.2020	263.617
24.07.2020	275.39465
25.07.2020	279.1519
26.07.2020	305.21793
27.07.2020	311.06824
28.07.2020	321.7286
29.07.2020	316.63165
30.07.2020	317.71957
31.07.2020	334.75867
01.08.2020	346.41483
02.08.2020	386.93256
03.08.2020	372.2978
04.08.2020	385.8
05.08.2020	389.439
06.08.2020	400.7184
07.08.2020	394.88367
08.08.2020	379.28253
09.08.2020	397.03076
10.08.2020	390.09744
11.08.2020	395.70477
12.08.2020	379.58716
13.08.2020	387.0278
14.08.2020	424.14307
15.08.2020	437.87668
16.08.2020	432.20364
17.08.2020	433.69696
18.08.2020	430.6532
19.08.2020	422.00565
20.08.2020	407.63763
21.08.2020	415.7564
22.08.2020	387.52805
23.08.2020	396.00208
24.08.2020	390.882
25.08.2020	407.9195
26.08.2020	383.01627
27.08.2020	385.64374
28.08.2020	383.2
29.08.2020	395.28375
30.08.2020	398.56497
31.08.2020	429.2407
01.09.2020	433.7082
02.09.2020	475.95105
03.09.2020	439.95425
04.09.2020	381.25922
05.09.2020	385.3001
06.09.2020	335.3527
07.09.2020	352.65945
08.09.2020	353.60083
09.09.2020	337.3444
10.09.2020	350.84436
11.09.2020	367.7698
12.09.2020	373.74454
13.09.2020	387.79352
14.09.2020	366.3343
15.09.2020	377.1315
16.09.2020	363.96112
17.09.2020	365.00827
18.09.2020	389.302
19.09.2020	384.32825
20.09.2020	385.1428
21.09.2020	370.83505
22.09.2020	340
23.09.2020	344.20288
24.09.2020	319.59
25.09.2020	349.0855
26.09.2020	351.73242
27.09.2020	353.80618
28.09.2020	357.4
29.09.2020	354.10498
30.09.2020	359.3581
01.10.2020	359.25388
02.10.2020	353.1804
03.10.2020	345.396
04.10.2020	345.68484
05.10.2020	352.45444
06.10.2020	353.27957
07.10.2020	340.6015
08.10.2020	341.73914
09.10.2020	350.72653
10.10.2020	364.97092
11.10.2020	370.7999
12.10.2020	374.15845
13.10.2020	386.7
14.10.2020	381.0263
15.10.2020	379.178
16.10.2020	377.44058
17.10.2020	365.47617
18.10.2020	368.27252
19.10.2020	377.7465
20.10.2020	379.05334
21.10.2020	368.37274
22.10.2020	391.36914
23.10.2020	413.97092
24.10.2020	409.45093
25.10.2020	412.23035
26.10.2020	405.5608
27.10.2020	392.82455
28.10.2020	403.74643
29.10.2020	388.5781
30.10.2020	386.46454
31.10.2020	382.29947
01.11.2020	386.49936
02.11.2020	396.4
03.11.2020	383.34747
04.11.2020	387.77695
05.11.2020	402.0555
06.11.2020	416.4792
07.11.2020	455.9481
08.11.2020	435.24927
09.11.2020	454.3885
10.11.2020	444.1
11.11.2020	450.34302
12.11.2020	463.82214
13.11.2020	462.29248
14.11.2020	476.6376
15.11.2020	461.48563
16.11.2020	448.30566
17.11.2020	460.9112
18.11.2020	481.96744
19.11.2020	478.1678
20.11.2020	470.93723
21.11.2020	510.12018
22.11.2020	552.68
23.11.2020	560.6388
24.11.2020	608.8688
25.11.2020	605
26.11.2020	571.01434
27.11.2020	518.52435
28.11.2020	518.3678
29.11.2020	538.06903
30.11.2020	576.02216
01.12.2020	615.5433
02.12.2020	585.28
03.12.2020	597.9877
04.12.2020	616.24756
05.12.2020	567.84235
06.12.2020	596.35297
07.12.2020	601.6777
08.12.2020	591.0232
09.12.2020	554.9945
10.12.2020	573.0365
11.12.2020	558.4221
12.12.2020	545.4676
13.12.2020	567.551
14.12.2020	590.47766
15.12.2020	586.2672
16.12.2020	588.69714
17.12.2020	637.8072
18.12.2020	643.17676
19.12.2020	655
20.12.2020	658.89026
21.12.2020	638.3954
22.12.2020	609.39166
23.12.2020	637.29126
24.12.2020	585.89014
25.12.2020	612.1705
26.12.2020	626.7059
27.12.2020	636.33844
28.12.2020	684.47
29.12.2020	731.07086
30.12.2020	732.1942
31.12.2020	752.0122
01.01.2021	735.9732
02.01.2021	728.232
03.01.2021	774.60236
04.01.2021	977.82
05.01.2021	1037.3514
06.01.2021	1097.4814
07.01.2021	1208.4303
08.01.2021	1222.9156
09.01.2021	1217.2
10.01.2021	1276
11.01.2021	1254
12.01.2021	1091.6603
13.01.2021	1044.6631
14.01.2021	1128.9
15.01.2021	1232.1564
16.01.2021	1170.6102
17.01.2021	1228.2332
18.01.2021	1232.6821
19.01.2021	1258.0603
20.01.2021	1374.5349
21.01.2021	1375.7019
22.01.2021	1111.2644
23.01.2021	1233.4352
24.01.2021	1231.8007
25.01.2021	1390.489
26.01.2021	1321.7294
27.01.2021	1365.119
28.01.2021	1239.2288
29.01.2021	1328.7386
30.01.2021	1380.2799
31.01.2021	1377.2358
01.02.2021	1311.8418
02.02.2021	1373.7848
03.02.2021	1512.3287
04.02.2021	1663.638
05.02.2021	1597.8569
06.02.2021	1722.017
07.02.2021	1676.21
08.02.2021	1613.953
09.02.2021	1749.0697
10.02.2021	1769.3298
11.02.2021	1741.9738
12.02.2021	1786.8735
13.02.2021	1840.8735
14.02.2021	1815.4541
15.02.2021	1801.0017
16.02.2021	1778.0807
17.02.2021	1782.8877
18.02.2021	1848.3083
19.02.2021	1939.1459
20.02.2021	1955.821
21.02.2021	1915.117
22.02.2021	1933.1934
23.02.2021	1775.5428
24.02.2021	1577.9369
25.02.2021	1622.7393
26.02.2021	1481.8566
27.02.2021	1445.9789
28.02.2021	1458.5316
01.03.2021	1418.7003
02.03.2021	1570.5496
03.03.2021	1486.1213
04.03.2021	1570.8048
05.03.2021	1540.066
06.03.2021	1527.8461
07.03.2021	1650.391
08.03.2021	1721.3423
09.03.2021	1831.8657
10.03.2021	1867.447
11.03.2021	1794.9735
12.03.2021	1825.8851
13.03.2021	1770.3529
14.03.2021	1924.6248
15.03.2021	1849.0151
16.03.2021	1791
17.03.2021	1806.4137
18.03.2021	1823.2576
19.03.2021	1777.4
20.03.2021	1810.2656
21.03.2021	1803.773
22.03.2021	1783.9941
23.03.2021	1681.2482
24.03.2021	1671.5035
25.03.2021	1585.631
26.03.2021	1586.5778
27.03.2021	1699.1029
28.03.2021	1712.9431
29.03.2021	1685.587
30.03.2021	1817.4
31.03.2021	1840.7701
01.04.2021	1919.4379
02.04.2021	1968.1047
03.04.2021	2133.2673
04.04.2021	2009.9294
05.04.2021	2076.9185
06.04.2021	2106.4692
07.04.2021	2111.807
08.04.2021	1964.9487
09.04.2021	2079.8318
10.04.2021	2067.1868
11.04.2021	2134.0298
12.04.2021	2151.0107
13.04.2021	2138.3599
14.04.2021	2301.7773
15.04.2021	2433.1663
16.04.2021	2513.8525
17.04.2021	2429.24
18.04.2021	2319.0613
19.04.2021	2234.8037
20.04.2021	2160.668
21.04.2021	2326.639
22.04.2021	2363.5762
23.04.2021	2404.6775
24.04.2021	2365.1
25.04.2021	2216.0654
26.04.2021	2312.6558
27.04.2021	2532.1917
28.04.2021	2663.306
29.04.2021	2745.5415
30.04.2021	2756.46
01.05.2021	2770.6672
02.05.2021	2944.49
03.05.2021	2951.317
04.05.2021	3417.776
05.05.2021	3240.936
06.05.2021	3522.4329
07.05.2021	3488.5945
08.05.2021	3482
09.05.2021	3896.475
10.05.2021	3926.0178
11.05.2021	3947.6829
12.05.2021	4170.1953
13.05.2021	3805.4004
14.05.2021	3711.653
15.05.2021	4075.78
16.05.2021	3639.1528
17.05.2021	3583.2275
18.05.2021	3281.7478
19.05.2021	3376.0032
20.05.2021	2458.5188
21.05.2021	2765.6313
22.05.2021	2422.3584
23.05.2021	2291.237
24.05.2021	2110.95
25.05.2021	2644.6082
26.05.2021	2703.9705
27.05.2021	2885
28.05.2021	2736.4956
29.05.2021	2413.5266
30.05.2021	2275.3118
31.05.2021	2386.8225
01.06.2021	2703.3752
02.06.2021	2633.75
03.06.2021	2704.3765
04.06.2021	2852.5098
05.06.2021	2689.4424
06.06.2021	2629.411
07.06.2021	2711.6199
08.06.2021	2588.2036
09.06.2021	2516.1333
10.06.2021	2604.1792
11.06.2021	2467.9248
12.06.2021	2350.5496
13.06.2021	2369.9814
14.06.2021	2508.4233
15.06.2021	2582.2034
16.06.2021	2545.4167
17.06.2021	2367.4824
18.06.2021	2370.008
19.06.2021	2231.0654
20.06.2021	2172.1003
21.06.2021	2244.0518
22.06.2021	1887.8988
23.06.2021	1875.9956
24.06.2021	1967.7072
25.06.2021	1989.2922
26.06.2021	1813.8815
27.06.2021	1822.5662
28.06.2021	1979.5826
29.06.2021	2083.8875
30.06.2021	2165.3691
01.07.2021	2274.727
02.07.2021	2112.9011
03.07.2021	2155.2463
04.07.2021	2227.5
05.07.2021	2323.9604
06.07.2021	2198.3125
07.07.2021	2322.723
08.07.2021	2315.6006
09.07.2021	2115.476
10.07.2021	2149.9888
11.07.2021	2110.1707
12.07.2021	2138.81
13.07.2021	2035.19
14.07.2021	1939.6212
15.07.2021	1994.871
16.07.2021	1906.9949
17.07.2021	1880.0441
18.07.2021	1896.2601
19.07.2021	1891.2723
20.07.2021	1816.2906
21.07.2021	1786.1289
22.07.2021	1992.8632
23.07.2021	2025.5948
24.07.2021	2122.6338
25.07.2021	2186.0876
26.07.2021	2189.429
27.07.2021	2229.572
28.07.2021	2299.0708
29.07.2021	2297.4148
30.07.2021	2380.4236
31.07.2021	2461.9507
01.08.2021	2538.2498
02.08.2021	2559.1006
03.08.2021	2610.0862
04.08.2021	2501.6309
05.08.2021	2725.3318
06.08.2021	2827.7002
07.08.2021	2888.962
08.08.2021	3163
09.08.2021	3011.0564
10.08.2021	3163.9312
11.08.2021	3139.208
12.08.2021	3161.906
13.08.2021	3043.4348
14.08.2021	3321.8652
15.08.2021	3264.2166
16.08.2021	3311.0317
17.08.2021	3153.3772
18.08.2021	3015.1375
19.08.2021	3018.1267
20.08.2021	3184.9922
21.08.2021	3287.0557
22.08.2021	3223.0845
23.08.2021	3239.2769
24.08.2021	3317.0698
25.08.2021	3174.8008
26.08.2021	3223.7146
27.08.2021	3089.818
28.08.2021	3265.0615
29.08.2021	3242.7817
30.08.2021	3222.4607
31.08.2021	3228.2344
01.09.2021	3431.2932
02.09.2021	3830.5
03.09.2021	3786.6187
04.09.2021	3940.193
05.09.2021	3885.3088
06.09.2021	3951.999
07.09.2021	3928.131
08.09.2021	3427.9958
09.09.2021	3496.732
10.09.2021	3428.71
11.09.2021	3209.452
12.09.2021	3266.8965
13.09.2021	3409.7773
14.09.2021	3284.826
15.09.2021	3436
16.09.2021	3614.3342
17.09.2021	3568.6086
18.09.2021	3397.9368
19.09.2021	3434.382
20.09.2021	3327.3071
21.09.2021	2972.6702
22.09.2021	2763.0215
23.09.2021	3074.8
24.09.2021	3151.8115
25.09.2021	2930.0679
26.09.2021	2924.6245
27.09.2021	3058.5044
28.09.2021	2929.576
29.09.2021	2804.269
30.09.2021	2848.6704
01.10.2021	3002.192
02.10.2021	3308.5012
03.10.2021	3391.9316
04.10.2021	3417.6707
05.10.2021	3380.2358
06.10.2021	3514.4214
07.10.2021	3577.392
08.10.2021	3585.2053
09.10.2021	3558.567
10.10.2021	3575
11.10.2021	3422.866
12.10.2021	3544.2544
13.10.2021	3494.0107
14.10.2021	3604.4155
15.10.2021	3784.9912
16.10.2021	3865.791
17.10.2021	3831.3425
18.10.2021	3845.3723
19.10.2021	3747.4182
20.10.2021	3876.104
21.10.2021	4161.9443
22.10.2021	4053.7573
23.10.2021	3971.248
24.10.2021	4168.794
25.10.2021	4082.3584
26.10.2021	4220.4346
27.10.2021	4129.2236
28.10.2021	3925.324
29.10.2021	4286.4585
30.10.2021	4413.376
31.10.2021	4318.2344
01.11.2021	4287.2373
02.11.2021	4324.2915
03.11.2021	4585.655
04.11.2021	4600.443
05.11.2021	4534.1704
06.11.2021	4475.2285
07.11.2021	4515.714
08.11.2021	4613.579
09.11.2021	4811.127
10.11.2021	4735.491
11.11.2021	4634.627
12.11.2021	4721.2666
13.11.2021	4670.086
14.11.2021	4647.3315
15.11.2021	4624.738
16.11.2021	4564.3506
17.11.2021	4211.8066
18.11.2021	4285.4443
19.11.2021	3996.0496
20.11.2021	4295.499
21.11.2021	4409.1904
22.11.2021	4271.01
23.11.2021	4086.101
24.11.2021	4339.4062
25.11.2021	4275.3667
26.11.2021	4516.896
27.11.2021	4029.8848
28.11.2021	4096.237
29.11.2021	4290.072
30.11.2021	4440.0615
01.12.2021	4623.2246
02.12.2021	4583.2656
03.12.2021	4514.0835
04.12.2021	4219.949
05.12.2021	4116.8643
06.12.2021	4196.6147
07.12.2021	4352.01
08.12.2021	4304.02
09.12.2021	4435.3843
10.12.2021	4108.313
11.12.2021	3899.694
12.12.2021	4086.3433
13.12.2021	4130.063
14.12.2021	3783.825
15.12.2021	3859.8184
16.12.2021	4024.1519
17.12.2021	3957.434
18.12.2021	3876.5215
19.12.2021	3957.6082
20.12.2021	3923.9565
21.12.2021	3944.112
22.12.2021	4018.5767
23.12.2021	3979.4768
24.12.2021	4110.5
25.12.2021	4045.8193
26.12.2021	4092.5547
27.12.2021	4062
28.12.2021	4037.7905
29.12.2021	3793.877
30.12.2021	3629.3086
31.12.2021	3709.222
01.01.2022	3675.2322
02.01.2022	3767.624
03.01.2022	3827.6929
04.01.2022	3770.1252
05.01.2022	3786
06.01.2022	3539.016
07.01.2022	3406.7651
08.01.2022	3198.168
09.01.2022	3079.5774
10.01.2022	3149.7434
11.01.2022	3084.75
12.01.2022	3238.87
13.01.2022	3368.8745
14.01.2022	3234.2324
15.01.2022	3307.942
16.01.2022	3328.7058
17.01.2022	3347.2866
18.01.2022	3212.3
19.01.2022	3160.1348
20.01.2022	3083.9224
21.01.2022	3003.3154
22.01.2022	2561.6108
23.01.2022	2409.954
24.01.2022	2540.613
25.01.2022	2439.8726
26.01.2022	2457.0835
27.01.2022	2460.4453
28.01.2022	2422.3838
29.01.2022	2545.1936
30.01.2022	2603.0417
31.01.2022	2602.553
01.02.2022	2685.7666
02.02.2022	2788.1897
03.02.2022	2680.515
04.02.2022	2694.4858
05.02.2022	2993.1804
06.02.2022	3011.7385
07.02.2022	3057.478
08.02.2022	3140.1638
09.02.2022	3114.521
10.02.2022	3242.847
11.02.2022	3072.1362
12.02.2022	2926.628
13.02.2022	2915.3564
14.02.2022	2879.2375
15.02.2022	2928.451
16.02.2022	3181.524
17.02.2022	3121.9841
18.02.2022	2888.5579
19.02.2022	2784.1802
20.02.2022	2761.5352
21.02.2022	2622.6624
22.02.2022	2566.3186
23.02.2022	2636.8953
24.02.2022	2578.1003
25.02.2022	2597.5422
26.02.2022	2765.5088
27.02.2022	2777.1628
28.02.2022	2618.807
01.03.2022	2922.1794
02.03.2022	2972.502
03.03.2022	2948.6301
04.03.2022	2833.5
05.03.2022	2621.159
06.03.2022	2664.303
07.03.2022	2547.7112
08.03.2022	2496.223
09.03.2022	2576.7122
10.03.2022	2730.137
11.03.2022	2606.6497
12.03.2022	2556.405
13.03.2022	2571.0713
14.03.2022	2515.509
15.03.2022	2589.475
16.03.2022	2617.5972
17.03.2022	2774.1946
18.03.2022	2814.1099
19.03.2022	2941.9685
20.03.2022	2951.7065
21.03.2022	2861.4778
22.03.2022	2893.2075
23.03.2022	2970.2585
24.03.2022	3036.807
25.03.2022	3109.074
26.03.2022	3103.1843
27.03.2022	3145.971
28.03.2022	3297.9
29.03.2022	3329.1934
30.03.2022	3402.1924
31.03.2022	3378.649
01.04.2022	3280.8057
02.04.2022	3455.9077
03.04.2022	3444.2944
04.04.2022	3521.1875
05.04.2022	3520.3608
06.04.2022	3406.9539
07.04.2022	3169.9373
08.04.2022	3229.4336
09.04.2022	3194.5803
10.04.2022	3259.837
11.04.2022	3198.3237
12.04.2022	2975.1265
13.04.2022	3028.288
14.04.2022	3116.7192
15.04.2022	3021.6694
16.04.2022	3041.515
17.04.2022	3059.2327
18.04.2022	2988.058
19.04.2022	3055.1328
20.04.2022	3101.5728
21.04.2022	3076.63
22.04.2022	2986.3604
23.04.2022	2964.1309
24.04.2022	2935.066
25.04.2022	2921.3347
26.04.2022	3009.2393
27.04.2022	2808.299
28.04.2022	2888.4277
29.04.2022	2938.6577
30.04.2022	2817.4414
01.05.2022	2727.1892
02.05.2022	2827.625
03.05.2022	2856.838
04.05.2022	2780.9424
05.05.2022	2940.032
06.05.2022	2749.9019
07.05.2022	2695.7097
08.05.2022	2635.7146
09.05.2022	2522.8914
10.05.2022	2244.245
11.05.2022	2343.6235
12.05.2022	2079.28
13.05.2022	1962.462
14.05.2022	2009.4508
15.05.2022	2055.8057
16.05.2022	2145.4688
17.05.2022	2019.6342
18.05.2022	2091.3567
19.05.2022	1909.923
20.05.2022	2019.2738
21.05.2022	1960.519
22.05.2022	1975.4082
23.05.2022	2042.9906
24.05.2022	1972.6171
25.05.2022	1979.8036
26.05.2022	1943.6793
27.05.2022	1790.0786
28.05.2022	1724.5281
29.05.2022	1792.3544
30.05.2022	1814.1321
31.05.2022	1998.1683
01.06.2022	1941.7799
02.06.2022	1817.0754
03.06.2022	1834.038
04.06.2022	1774.4722
05.06.2022	1804.3457
06.06.2022	1804.9021
07.06.2022	1859.4156
08.06.2022	1813.9457
09.06.2022	1792.6276
10.06.2022	1788.8944
11.06.2022	1662.9559
12.06.2022	1531.487
13.06.2022	1439.9115
14.06.2022	1207.989
15.06.2022	1212.2599
16.06.2022	1237.6843
17.06.2022	1067.5226
18.06.2022	1086.9364
19.06.2022	996.0502
20.06.2022	1128.6733
21.06.2022	1130.871
22.06.2022	1125.4015
23.06.2022	1049.1378
24.06.2022	1145.0497
25.06.2022	1223.3119
26.06.2022	1244.4867
27.06.2022	1197.9237
28.06.2022	1190.99
29.06.2022	1144.3802
30.06.2022	1098.1235
01.07.2022	1069.5476
02.07.2022	1059.374
03.07.2022	1066.7
04.07.2022	1074.6287
05.07.2022	1150.1609
06.07.2022	1133.8
07.07.2022	1186.7313
08.07.2022	1238.4224
09.07.2022	1215.5911
10.07.2022	1217.1509
11.07.2022	1166.844
12.07.2022	1150
13.07.2022	1150
14.07.2022	1150
15.07.2022	1192.75
16.07.2022	1231.6765
17.07.2022	1356.1991
18.07.2022	1336.017
19.07.2022	1589.3303
20.07.2022	1543.9017
21.07.2022	1517.9941
22.07.2022	1575.6769
23.07.2022	1534
24.07.2022	1549.9128
25.07.2022	1597.2936
26.07.2022	1439.1594
27.07.2022	1452.1915
28.07.2022	1635.9812
29.07.2022	1725.6633
30.07.2022	1726.2699
31.07.2022	1695.6057
01.08.2022	1682.1772
02.08.2022	1644
03.08.2022	1656
04.08.2022	1666
05.08.2022	1611
06.08.2022	1736
07.08.2022	1696
08.08.2022	1700
09.08.2022	1782
10.08.2022	1695
11.08.2022	1854
12.08.2022	1893
13.08.2022	1947
14.08.2022	1982
15.08.2022	1936
16.08.2022	1900
17.08.2022	1900
18.08.2022	1836
19.08.2022	1822
20.08.2022	1700
21.08.2022	1600
22.08.2022	1620
23.08.2022	1560
24.08.2022	1650
25.08.2022	1650
26.08.2022	1700
27.08.2022	1500
28.08.2022	1467
29.08.2022	1467
30.08.2022	1548
31.08.2022	1500
01.09.2022	1550
02.09.2022	1565
03.09.2022	1586
04.09.2022	1555
05.09.2022	1570
06.09.2022	1617
07.09.2022	1580
08.09.2022	1650
09.09.2022	1635
10.09.2022	1723
11.09.2022	1738
12.09.2022	1764.9242
13.09.2022	1716.3243
14.09.2022	1573.9764
15.09.2022	1635.3633
16.09.2022	1472.0428
17.09.2022	1433.1732
18.09.2022	1469.7383
19.09.2022	1333.5951
20.09.2022	1376.2172
21.09.2022	1323.7877
22.09.2022	1250.0625
23.09.2022	1326.4911
24.09.2022	1327.5642
25.09.2022	1317.5095
26.09.2022	1294.0756
27.09.2022	1336.5581
28.09.2022	1329.1511
29.09.2022	1337.2804
30.09.2022	1336.023
01.10.2022	1327.8506
02.10.2022	1311.4673
03.10.2022	1276.3246
04.10.2022	1323.3131
05.10.2022	1361.46
06.10.2022	1352.3707
07.10.2022	1351.8438
08.10.2022	1331.4995
09.10.2022	1315.182
10.10.2022	1323.0043
11.10.2022	1289.552
12.10.2022	1279.7676
13.10.2022	1294.3182
14.10.2022	1287.4448
15.10.2022	1296.8246
16.10.2022	1274.3125
17.10.2022	1306.08
18.10.2022	1331.4281
19.10.2022	1309.9851
20.10.2022	1285.3834
21.10.2022	1282.9025
22.10.2022	1300.0728
23.10.2022	1313.643
24.10.2022	1364.3909
25.10.2022	1344.3009
26.10.2022	1460.4781
27.10.2022	1565.4062
28.10.2022	1513.2792
29.10.2022	1554.8296
30.10.2022	1619.6045
31.10.2022	1591.097
01.11.2022	1573.3619
02.11.2022	1579.5311
03.11.2022	1518.605
04.11.2022	1531.0232
05.11.2022	1644.9354
06.11.2022	1626.9624
07.11.2022	1569.3818
08.11.2022	1567.906
09.11.2022	1333.2836
10.11.2022	1102.0117
11.11.2022	1299.7632
12.11.2022	1289.0035
13.11.2022	1256.3997
14.11.2022	1222.8632
15.11.2022	1242.2982
16.11.2022	1253.196
17.11.2022	1216.444
18.11.2022	1200.5358
19.11.2022	1213.0541
20.11.2022	1217.6697
21.11.2022	1143.0642
22.11.2022	1107.6702
23.11.2022	1138.84
24.11.2022	1184.7758
25.11.2022	1204.3987
26.11.2022	1198.8448
27.11.2022	1205.2363
28.11.2022	1192.8777
29.11.2022	1168.3479
30.11.2022	1216.3636
01.12.2022	1294.3607
02.12.2022	1275.8917
03.12.2022	1295.0195
04.12.2022	1240.7167
05.12.2022	1279.8102
06.12.2022	1259.2594
07.12.2022	1271.9453
08.12.2022	1231.1434
09.12.2022	1280.4186
10.12.2022	1262.7559
11.12.2022	1266.2404
12.12.2022	1263.2888
13.12.2022	1275.043
14.12.2022	1320.0837
15.12.2022	1307.6451
16.12.2022	1266.3474
17.12.2022	1166.92
18.12.2022	1187.264
19.12.2022	1182.5112
20.12.2022	1166.7052
21.12.2022	1217.3232
22.12.2022	1213.6992
23.12.2022	1217.458
24.12.2022	1219.9658
25.12.2022	1220.4154
26.12.2022	1218.8916
27.12.2022	1228.5183
28.12.2022	1211.491
29.12.2022	1190.5603
30.12.2022	1201.0774
31.12.2022	1199.2396
01.01.2023	1195.7866
02.01.2023	1200.4877
03.01.2023	1213.7771
04.01.2023	1214.704
05.01.2023	1256.916
06.01.2023	1250.761
07.01.2023	1269.2288
08.01.2023	1264.1244
09.01.2023	1290.4656
10.01.2023	1321.0138
11.01.2023	1335.5869
12.01.2023	1389.6357
13.01.2023	1415.778
14.01.2023	1450.951
15.01.2023	1550.1039
16.01.2023	1552.5057
17.01.2023	1575.7568
18.01.2023	1565.7743
19.01.2023	1512.2406
20.01.2023	1553.6871
21.01.2023	1659.8656
22.01.2023	1624.6768
23.01.2023	1627.4122
24.01.2023	1626.9408
25.01.2023	1555.5028
26.01.2023	1612.2827
27.01.2023	1602.0056
28.01.2023	1597.2394
29.01.2023	1572.9811
30.01.2023	1645.6123
31.01.2023	1566.6415
01.02.2023	1585.6654
02.02.2023	1642.1262
03.02.2023	1642.0048
04.02.2023	1664.2928
05.02.2023	1666.1544
06.02.2023	1629.4454
07.02.2023	1614.4144
08.02.2023	1671.8099
09.02.2023	1650.1683
10.02.2023	1545.0167
11.02.2023	1513.5095
12.02.2023	1538.7747
13.02.2023	1515.0363
14.02.2023	1506.0208
15.02.2023	1555.9059
16.02.2023	1675.4875
17.02.2023	1638.991
18.02.2023	1693.9879
19.02.2023	1692.162
20.02.2023	1679.7899
21.02.2023	1702.9752
22.02.2023	1659.0526
23.02.2023	1643.4799
24.02.2023	1650.2714
25.02.2023	1608.0265
26.02.2023	1594.6526
27.02.2023	1641.2711
28.02.2023	1633.8428
01.03.2023	1604.3262
02.03.2023	1665.7909
03.03.2023	1647.3694
04.03.2023	1569.0089
05.03.2023	1566.5347
06.03.2023	1564.5245
07.03.2023	1566.0651
08.03.2023	1562.0306
09.03.2023	1532.748
10.03.2023	1437.2854
11.03.2023	1425.9364
12.03.2023	1471.2314
13.03.2023	1580.3566
14.03.2023	1673.2396
15.03.2023	1699.3735
16.03.2023	1649.1589
17.03.2023	1673.5546
18.03.2023	1785.0359
19.03.2023	1757.1964
20.03.2023	1779.4391
21.03.2023	1732.0458
22.03.2023	1803.6846
23.03.2023	1734.0643
24.03.2023	1814.2421
25.03.2023	1749.5514
26.03.2023	1743.1676
27.03.2023	1773.737
28.03.2023	1714.9136
29.03.2023	1773.1788
30.03.2023	1793.0391
31.03.2023	1794.7468
01.04.2023	1821.6715
02.04.2023	1820.6871
03.04.2023	1794.5789
04.04.2023	1810.548
05.04.2023	1870.3943
06.04.2023	1909.0787
07.04.2023	1872.1484
08.04.2023	1863.7125
09.04.2023	1848.2333
10.04.2023	1858.221
11.04.2023	1910.1223
12.04.2023	1890.2008
13.04.2023	1916.9089
14.04.2023	2011.0492
15.04.2023	2100.0269
16.04.2023	2090.1707
17.04.2023	2118.7263
18.04.2023	2074.2402
19.04.2023	2104.0017
20.04.2023	1932.3379
21.04.2023	1943.0483
22.04.2023	1849.2737
23.04.2023	1873.7012
24.04.2023	1861.9882
25.04.2023	1842.2186
26.04.2023	1866.0177
27.04.2023	1864.3792
28.04.2023	1908.7186
29.04.2023	1891.1405
30.04.2023	1907.5559
01.05.2023	1872.1041
02.05.2023	1830.3057
03.05.2023	1869.7788
04.05.2023	1904.7037
05.05.2023	1876.9768
06.05.2023	1994.3014
07.05.2023	1896.8146
08.05.2023	1869.0815
09.05.2023	1847.413
10.05.2023	1846.6486
11.05.2023	1840.1476
12.05.2023	1795.2535
13.05.2023	1807.1503
14.05.2023	1795.2844
15.05.2023	1799.4226
16.05.2023	1816.2543
17.05.2023	1824.0186
18.05.2023	1822.1598
19.05.2023	1800.7767
20.05.2023	1812.3881
21.05.2023	1819.9098
22.05.2023	1804.1298
23.05.2023	1817.3978
24.05.2023	1853.8264
25.05.2023	1799.8976
26.05.2023	1805.7565
27.05.2023	1827.973
28.05.2023	1830.0759
29.05.2023	1909.7737
30.05.2023	1892.7218
31.05.2023	1900.3
01.06.2023	1874.2858
02.06.2023	1861.2644
03.06.2023	1906.8756
04.06.2023	1891.4425
05.06.2023	1889.2313
06.06.2023	1810.4731
07.06.2023	1884.345
08.06.2023	1831.9521
09.06.2023	1845.7003
10.06.2023	1840.2968
11.06.2023	1751.5021
12.06.2023	1752.7067
13.06.2023	1742.4845
14.06.2023	1739.7407
15.06.2023	1650.188
16.06.2023	1666.0886
17.06.2023	1718.6918
18.06.2023	1727.8805
19.06.2023	1720.6923
20.06.2023	1737.0859
21.06.2023	1791.787
22.06.2023	1889.7825
23.06.2023	1872.4451
24.06.2023	1891.652
25.06.2023	1875.6953
26.06.2023	1898.5503
27.06.2023	1858.92
28.06.2023	1889.5449
29.06.2023	1828.7399
30.06.2023	1852.0127
01.07.2023	1933.6167
02.07.2023	1924.6559
03.07.2023	1937.8368
04.07.2023	1955.3639
05.07.2023	1936.5596
06.07.2023	1910.1652
07.07.2023	1845.4729
08.07.2023	1870.7367
09.07.2023	1865.376
10.07.2023	1862.6893
11.07.2023	1880.6404
12.07.2023	1878.7145
13.07.2023	1871.8843
14.07.2023	2005.2246
15.07.2023	1937.4994
16.07.2023	1931.2024
17.07.2023	1921.2003
18.07.2023	1911.7001
19.07.2023	1897.5782
20.07.2023	1888.7863
21.07.2023	1891.1213
22.07.2023	1891.7648
23.07.2023	1865.6185
24.07.2023	1888.7556
25.07.2023	1849.9728
26.07.2023	1858.0353
27.07.2023	1871.9192
28.07.2023	1860.9478
29.07.2023	1874.094
30.07.2023	1880.8237
31.07.2023	1861.5826
01.08.2023	1856.1024
02.08.2023	1873.9658
03.08.2023	1840.0618
04.08.2023	1835.6317
05.08.2023	1830.3213
06.08.2023	1836.8425
07.08.2023	1830.2715
08.08.2023	1828.9108
09.08.2023	1856.4578
10.08.2023	1855.8776
11.08.2023	1852.4984
12.08.2023	1848.9924
13.08.2023	1849.8483
14.08.2023	1840.5411
15.08.2023	1845.4943
16.08.2023	1828.7074
17.08.2023	1808.0688
18.08.2023	1683.0892
19.08.2023	1661.1787
20.08.2023	1669.3472
21.08.2023	1685.0713
22.08.2023	1667.6266
23.08.2023	1634.7892
24.08.2023	1679.4147
25.08.2023	1660.5718
26.08.2023	1653.92
27.08.2023	1646.9391
28.08.2023	1658.0511
29.08.2023	1653.7404
30.08.2023	1729.197
31.08.2023	1704.9303
01.09.2023	1645.8896
02.09.2023	1629.2924
03.09.2023	1636.7911
04.09.2023	1635.7933
05.09.2023	1630.5078
06.09.2023	1634.226
07.09.2023	1633.3439
08.09.2023	1647.71
09.09.2023	1636.455
10.09.2023	1635.4265
11.09.2023	1617.5775
12.09.2023	1551.7274
13.09.2023	1592.9102
14.09.2023	1607.7054
15.09.2023	1626.56
16.09.2023	1641.559
17.09.2023	1634.632
18.09.2023	1622.6378
19.09.2023	1637.0342
20.09.2023	1643.3901
21.09.2023	1622.5411
22.09.2023	1583.9705
23.09.2023	1593.006
24.09.2023	1593.8253
25.09.2023	1580.3143
26.09.2023	1588.5739
27.09.2023	1594.146
28.09.2023	1598.5026
29.09.2023	1652.8611
30.09.2023	1667.5791
01.10.2023	1671.0613
02.10.2023	1733.3977
03.10.2023	1662.939
04.10.2023	1656.6427
05.10.2023	1646.9977
06.10.2023	1611.8146
07.10.2023	1645.1523
08.10.2023	1633.5292
09.10.2023	1633.0312
10.10.2023	1579.9022
11.10.2023	1567.416
12.10.2023	1565.9833
13.10.2023	1539.8721
14.10.2023	1551.9929
15.10.2023	1555.0469
16.10.2023	1557.5406
17.10.2023	1599.7488
18.10.2023	1564.9795
19.10.2023	1562.8689
20.10.2023	1566.6798
21.10.2023	1603.8169
22.10.2023	1628.8053
23.10.2023	1662.9407
24.10.2023	1764.5577
25.10.2023	1783.8387
26.10.2023	1786.735
27.10.2023	1803.3713
28.10.2023	1779.7579
29.10.2023	1776.2927
30.10.2023	1794.7313
31.10.2023	1809.2787
01.11.2023	1815.3406
02.11.2023	1846.3331
03.11.2023	1800.6222
04.11.2023	1831.9913
05.11.2023	1855.7445
06.11.2023	1892.2191
07.11.2023	1900.7361
08.11.2023	1886.0885
09.11.2023	1889.0068
10.11.2023	2121.7268
11.11.2023	2078.1926
12.11.2023	2052.73
13.11.2023	2044.6868
